{
  "rouge1": 51.950298757881406,
  "rouge2": 25.11220824729691,
  "rougeL": 34.63314460416329,
  "rougeLsum": 51.92135825605813,
  "meteor": 25.594125075650915,
  "avg_pred_length": 3955.1439663539304,
  "avg_ref_length": 4983.921061145261,
  "length_ratio": 79.35807806404289,
  "avg_doc_length": 53375.34454868975,
  "compression_ratio": 7.410057958025905,
  "vocab_overlap": 28.62625312056146,
  "novel_bigrams": 5.6073010218330985,
  "novel_trigrams": 7.364725268322723
}