{
  "rouge1": 52.967688438469516,
  "rouge2": 25.853089111570647,
  "rougeL": 35.29197524481413,
  "rougeLsum": 52.94644688886952,
  "avg_pred_length": 4093.91792432992,
  "avg_ref_length": 4977.926594522896,
  "length_ratio": 82.24142816477786,
  "avg_doc_length": 53502.989275488915,
  "compression_ratio": 7.651755499585606,
  "vocab_overlap": 29.773107158076982,
  "novel_bigrams": 5.2733760509683325,
  "novel_trigrams": 6.78590080474471
}