{
  "rouge1": 5.544950327221544,
  "rouge2": 1.6181533020944612,
  "rougeL": 5.211800422407005,
  "rougeLsum": 5.544923685274472,
  "meteor": 1.5678340947968963,
  "avg_pred_length": 255.3501237443587,
  "avg_ref_length": 4977.926594522896,
  "length_ratio": 5.129648235980717,
  "avg_doc_length": 53502.989275488915,
  "compression_ratio": 0.47726328416820096,
  "vocab_overlap": 1.504792000887592,
  "novel_bigrams": 85.39873610844239,
  "novel_trigrams": 88.80467244993169
}